{
  "id": "1371922",
  "name": "hello word",
  "font_family": "iconfont",
  "css_prefix_text": "icon-",
  "description": "",
  "glyphs": [
    {
      "icon_id": "3868257",
      "name": "调试",
      "font_class": "tiaoshi",
      "unicode": "eb61",
      "unicode_decimal": 60257
    },
    {
      "icon_id": "3868258",
      "name": "场景管理",
      "font_class": "changjingguanli",
      "unicode": "eb62",
      "unicode_decimal": 60258
    },
    {
      "icon_id": "3868263",
      "name": "编辑",
      "font_class": "bianji",
      "unicode": "eb63",
      "unicode_decimal": 60259
    },
    {
      "icon_id": "3868264",
      "name": "关联设备",
      "font_class": "guanlianshebei",
      "unicode": "eb64",
      "unicode_decimal": 60260
    },
    {
      "icon_id": "3868265",
      "name": "官方版本",
      "font_class": "guanfangbanben",
      "unicode": "eb65",
      "unicode_decimal": 60261
    },
    {
      "icon_id": "3868266",
      "name": "功能定义",
      "font_class": "gongnengdingyi",
      "unicode": "eb66",
      "unicode_decimal": 60262
    },
    {
      "icon_id": "3868267",
      "name": "基础管理",
      "font_class": "jichuguanli",
      "unicode": "eb67",
      "unicode_decimal": 60263
    },
    {
      "icon_id": "3868269",
      "name": "技术服务",
      "font_class": "jishufuwu",
      "unicode": "eb68",
      "unicode_decimal": 60264
    },
    {
      "icon_id": "3868270",
      "name": "合作伙伴密钥管理",
      "font_class": "hezuohuobanmiyueguanli",
      "unicode": "eb69",
      "unicode_decimal": 60265
    },
    {
      "icon_id": "3868271",
      "name": "测试申请",
      "font_class": "ceshishenqing",
      "unicode": "eb6a",
      "unicode_decimal": 60266
    },
    {
      "icon_id": "3868273",
      "name": "警告",
      "font_class": "jinggao",
      "unicode": "eb6b",
      "unicode_decimal": 60267
    },
    {
      "icon_id": "3868276",
      "name": "使用文档",
      "font_class": "shiyongwendang",
      "unicode": "eb6c",
      "unicode_decimal": 60268
    },
    {
      "icon_id": "3868281",
      "name": "数据看板",
      "font_class": "shujukanban",
      "unicode": "eb6d",
      "unicode_decimal": 60269
    },
    {
      "icon_id": "3868282",
      "name": "应用管理",
      "font_class": "yingyongguanli",
      "unicode": "eb6e",
      "unicode_decimal": 60270
    },
    {
      "icon_id": "3868287",
      "name": "账号权限管理",
      "font_class": "zhanghaoquanxianguanli",
      "unicode": "eb6f",
      "unicode_decimal": 60271
    },
    {
      "icon_id": "4175511",
      "name": "下箭头",
      "font_class": "xiajiantou",
      "unicode": "eb71",
      "unicode_decimal": 60273
    },
    {
      "icon_id": "4175512",
      "name": "上箭头",
      "font_class": "shangjiantou",
      "unicode": "eb70",
      "unicode_decimal": 60272
    },
    {
      "icon_id": "4325757",
      "name": "icon_loading",
      "font_class": "icon_loading",
      "unicode": "eb80",
      "unicode_decimal": 60288
    },
    {
      "icon_id": "4347520",
      "name": "icon_添加",
      "font_class": "icon_tianjia",
      "unicode": "eb89",
      "unicode_decimal": 60297
    },
    {
      "icon_id": "4347522",
      "name": "icon_账号",
      "font_class": "icon_zhanghao",
      "unicode": "eb8a",
      "unicode_decimal": 60298
    },
    {
      "icon_id": "4506836",
      "name": "设备管理",
      "font_class": "shebeiguanli",
      "unicode": "ebb7",
      "unicode_decimal": 60343
    },
    {
      "icon_id": "4611765",
      "name": "对勾",
      "font_class": "duigou",
      "unicode": "ebe6",
      "unicode_decimal": 60390
    },
    {
      "icon_id": "4624184",
      "name": "下一步",
      "font_class": "xiayibu",
      "unicode": "ebef",
      "unicode_decimal": 60399
    },
    {
      "icon_id": "5900851",
      "name": "撤回色块",
      "font_class": "chehuisekuai",
      "unicode": "ec45",
      "unicode_decimal": 60485
    },
    {
      "icon_id": "6194670",
      "name": "编辑色块",
      "font_class": "bianjisekuai",
      "unicode": "ec7c",
      "unicode_decimal": 60540
    },
    {
      "icon_id": "6237287",
      "name": "列表模式_块",
      "font_class": "liebiaomoshi_kuai",
      "unicode": "ec7e",
      "unicode_decimal": 60542
    },
    {
      "icon_id": "6237288",
      "name": "卡片模式_块",
      "font_class": "qiapianmoshi_kuai",
      "unicode": "ec7f",
      "unicode_decimal": 60543
    },
    {
      "icon_id": "6337465",
      "name": "笑脸",
      "font_class": "xiaolian",
      "unicode": "ec82",
      "unicode_decimal": 60546
    },
    {
      "icon_id": "6337498",
      "name": "编辑",
      "font_class": "tianxie",
      "unicode": "ec88",
      "unicode_decimal": 60552
    },
    {
      "icon_id": "6776388",
      "name": "收藏_实心",
      "font_class": "shoucang_shixin",
      "unicode": "eca6",
      "unicode_decimal": 60582
    },
    {
      "icon_id": "6776389",
      "name": "收藏",
      "font_class": "shoucang",
      "unicode": "eca7",
      "unicode_decimal": 60583
    },
    {
      "icon_id": "8481279",
      "name": "分享方式",
      "font_class": "fenxiangfangshi",
      "unicode": "ed2e",
      "unicode_decimal": 60718
    }
  ]
}
